<?xml version="1.0" encoding="UTF-8"?>
<!DOCTYPE hibernate-mapping PUBLIC
        "-//Hibernate/Hibernate Mapping DTD 3.0//EN"
        "http://hibernate.sourceforge.net/hibernate-mapping-3.0.dtd">

<hibernate-mapping package="com.java.spring.model">

    <class name="Department" table="department">

 		<id name="departmentId" type="java.lang.Long" column="deptId" >
			<generator class="native" />
		</id>
		
        <property name="departmentName" column="deptName"/>

		<set name="employees" table="employee" fetch="select">
            <key>
                <column name="deptId" not-null="true" />
            </key>
            <one-to-many class="com.java.spring.model.Employee" />
        </set>
                
	</class>
</hibernate-mapping>