<?xml version='1.0' encoding='UTF-8'?>  

<!DOCTYPE hibernate-mapping PUBLIC
        "-//Hibernate/Hibernate Mapping DTD 3.0//EN"
        "http://hibernate.sourceforge.net/hibernate-mapping-3.0.dtd">
  
 <hibernate-mapping>  
  <class name="com.java.spring.model.Employee" table="employee">  
    <id name="employeeId">  
     <generator class="increment"></generator>  
    </id>  
	<property name="age"></property> 
	<property name="deptId"></property> 
    <property name="address"></property>  
    <property name="city"></property>  
    <property name="firstName"></property>  
    <property name="lastName"></property>  
   
          
  </class>  
            
 </hibernate-mapping>  