<?xml version='1.0' encoding='utf-8'?>
<!DOCTYPE hibernate-configuration PUBLIC "-//Hibernate/Hibernate Configuration DTD 3.0//EN"   "http://www.hibernate.org/dtd/hibernate-configuration-3.0.dtd">

<hibernate-configuration>
 
   	<session-factory>
		<property name="connection.driver_class">
			com.mysql.jdbc.Driver
		</property>
		<property name="connection.url">
			jdbc:mysql://localhost:3306/test
		</property>

		<property name="connection.pool_size">1</property>

		<!-- SQL dialect -->
		<property name="dialect">
			org.hibernate.dialect.MySQLDialect
		</property>

		<!-- Enable Hibernate's automatic session context management -->
		<property name="current_session_context_class">thread</property>

		<!-- Disable the second-level cache  -->
		<property name="cache.provider_class">
			org.hibernate.cache.NoCacheProvider
		</property>

		<!-- Display all generated SQL to stdout -->
		<property name="show_sql">true</property>


		<!-- mapping class="net.javaonline.spring.product.dto.ItemMaster" /-->
		 <!-- List of XML mapping files -->
      <mapping resource = "employee.hbm.xml"/>
      
	</session-factory>

</hibernate-configuration>