<?xml version="1.0" encoding="UTF-8"?>
<beans xmlns:mvc="http://www.springframework.org/schema/mvc"
    xmlns:xsi="http://www.w3.org/2001/XMLSchema-instance"
    xmlns:aop = "http://www.springframework.org/schema/aop"
    xmlns="http://www.springframework.org/schema/beans"
    xmlns:context="http://www.springframework.org/schema/context"
    xmlns:tx="http://www.springframework.org/schema/tx"
    xsi:schemaLocation="http://www.springframework.org/schema/mvc http://www.springframework.org/schema/mvc/spring-mvc.xsd
        http://www.springframework.org/schema/beans http://www.springframework.org/schema/beans/spring-beans.xsd
        http://www.springframework.org/schema/tx http://www.springframework.org/schema/tx/spring-tx.xsd
        http://www.springframework.org/schema/context http://www.springframework.org/schema/context/spring-context.xsd">
 
    <context:component-scan base-package="com.java.spring.controller, com.java.spring.dao" />
 
 
    <bean id="dataSource" class="org.springframework.jdbc.datasource.DriverManagerDataSource">
        <property name="driverClassName" value="com.mysql.jdbc.Driver" />
        <property name="url" value="jdbc:mysql://localhost:3306/test" />
        <property name="username" value="root" />
        <property name="password" value="root" />
    </bean>
    
    
    <bean id="sessionFactory"    class="org.springframework.orm.hibernate4.LocalSessionFactoryBean">
        <property name="dataSource" ref="dataSource" />
        <property name="configLocation" value="classpath:hibernate.cfg.xml" />
    </bean>
 
 
    <bean id="employeeDao" class="com.java.spring.dao.EmployeeDAO">
        <constructor-arg>
            <ref bean="sessionFactory" />
        </constructor-arg>
    </bean>
    
    <!-- bean id="employeeDao" class="com.java.spring.dao.EmployeeDAOJdbc">
        <property name="dataSource"  ref="dataSource" />   
          <property name="transactionManager"  ref="dataTransactionManager" />  
    </bean-->
    
    <tx:annotation-driven />
    <bean id="transactionManager"   class="org.springframework.orm.hibernate4.HibernateTransactionManager">
           <property name="sessionFactory" ref="sessionFactory" />
    </bean>
    
    <bean id = "dataTransactionManager"
      class = "org.springframework.jdbc.datasource.DataSourceTransactionManager">      
      <property name = "dataSource" ref = "dataSource" />    
   </bean>
 
    <bean id="viewResolver" class="org.springframework.web.servlet.view.InternalResourceViewResolver">
        <property name="prefix" value="/jsp/"></property>
        <property name="suffix" value=".jsp"></property>
    </bean>
 
</beans>